Population,Year
330268840,2019
332639102,2020
334998398,2021
337341954,2022
339665118,2023
341963408,2024
344234377,2025
346481182,2026
348695115,2027
350872007,2028
353008224,2029
355100730,2030
357147329,2031
359146709,2032
361098559,2033
363003410,2034
364862145,2035
366676312,2036
368447857,2037
370178704,2038
371871238,2039
373527973,2040
375151805,2041
376746115,2042
378314343,2043
379860859,2044
381390297,2045
382907447,2046
384415207,2047
385917628,2048
387418788,2049
388922201,2050
390430803,2051
391947055,2052
393472783,2053
395009307,2054
396557404,2055
398117875,2056
399690963,2057
401276590,2058
402874337,2059
404483055,2060